year,date,prefecture,city,sex,total,0 ` 4,5 ` 9,10`14,15`19,20`24,25`29,30`34,35`39,40`44,45`49,50`54,55`59,60`64,65`69,70`74,75`79,80`84,85`
2015,20151001,s,s,male,6666690,268533,256875,253353,292195,395989,453532,511508,544329,598356,548794,470125,377164,371832,423113,333093,258119,183008,126772
2015,20151001,s,敔,male,4567247,184422,167117,160999,181146,262877,334968,379135,392385,418554,379110,323481,257740,249431,283417,219582,168807,120197,83879
2015,20151001,s,c,male,29343,1320,1140,926,996,1479,2553,2971,2926,2924,2565,2166,1678,1297,1444,1095,793,601,469
2015,20151001,s,,male,67536,3824,2712,1962,1761,2595,4867,6926,7394,7590,6648,5246,3674,2977,3227,2308,1701,1255,869
2015,20151001,s,`,male,114717,6468,4940,3748,3331,4644,8111,10729,11854,12119,10893,8770,6572,5251,5875,4174,3107,2335,1796
2015,20151001,s,Vh,male,167258,5367,4455,4122,5424,12618,16930,17564,16086,15511,13055,10989,8650,8240,9437,6924,5331,3690,2865
2015,20151001,s,,male,105990,4403,3955,3495,4237,8611,8745,9159,9297,9282,8164,7445,5874,5272,5881,4397,3277,2521,1975
2015,20151001,s,䓌,male,101982,3506,2847,2668,3051,5132,7548,8915,9335,9511,8375,7159,6090,6173,7381,5321,4142,2839,1989
2015,20151001,s,nc,male,127925,5029,4403,4214,4616,6092,9680,11343,11084,11856,10263,8696,7252,7617,8532,6477,5115,3433,2223
2015,20151001,s,],male,246750,12007,10547,9441,8908,11121,15294,20048,21808,24960,21857,17169,13495,13786,15952,12127,9008,5826,3396
2015,20151001,s,i,male,191090,8004,6661,5942,6376,9343,15153,17571,18077,18894,16115,13682,10671,10170,11678,8675,6400,4486,3192
2015,20151001,s,ڍ,male,130947,5626,4718,4364,4734,6908,10472,12777,12875,11989,10840,9452,7173,6190,7252,5618,4166,3187,2606
2015,20151001,s,c,male,359753,13587,12603,12793,14316,20956,27297,28265,28518,32319,30618,26139,21225,20787,23655,18247,13034,8834,6560
2015,20151001,s,cJ,male,428874,16773,16439,16338,19703,26497,27190,32829,36433,38468,36874,32465,25536,22359,25448,19297,15121,11672,9432
2015,20151001,s,aJ,male,107986,4090,3129,2679,3158,5271,8989,10962,11194,10254,9067,8069,6305,5709,6166,4729,3623,2632,1960
2015,20151001,s,,male,165382,5336,4222,4005,5444,10821,16148,17487,16073,15030,13103,11060,8818,8440,9488,7183,5466,4171,3087
2015,20151001,s,,male,271737,10175,9004,8703,9958,16968,22184,24289,23641,23256,21065,18625,15194,14198,16413,13598,10775,7907,5784
2015,20151001,s,L,male,146827,4648,3811,3550,4872,11617,14953,15175,14021,13112,11391,9555,7827,7561,8513,6176,4401,3122,2522
2015,20151001,s,k,male,169829,6456,5498,5294,6168,9565,13128,14142,14031,14630,12588,10857,9350,10309,12028,9501,7399,5206,3679
2015,20151001,s,r,male,105113,4338,3928,3758,4102,5792,7499,8302,8833,9429,8115,7046,5945,6248,7368,5527,4105,2880,1898
2015,20151001,s,,male,276592,10956,9865,9732,11504,16699,19766,21582,22378,24409,21775,19049,15865,16538,18669,14320,10705,7498,5282
2015,20151001,s,n,male,351609,14741,14555,15115,16479,20301,23024,26445,28143,30853,29322,25316,20268,18840,20531,16087,13395,10494,7700
2015,20151001,s,,male,334922,13418,13531,13524,14996,17496,19688,22422,25042,30473,28058,23563,18902,19866,22965,19282,15488,10473,5735
2015,20151001,s,,male,221621,9098,8894,8962,9707,11935,13462,14710,16746,19541,18017,16122,13183,13520,15332,11846,9398,6822,4326
2015,20151001,s,]ː,male,343464,15252,15260,15664,17305,20416,22287,24522,26596,32144,30342,24841,18193,18083,20182,16673,12857,8313,4534
2015,20151001,s,E,male,2099443,84111,89758,92354,111049,133112,118564,132373,151944,179802,169684,146644,119424,122401,139696,113511,89312,62811,42893
2015,20151001,s,s,male,2056488,82494,88004,90532,109108,131433,116696,130061,149224,176457,166633,143937,116651,119120,135698,110409,87091,61221,41719
2015,20151001,s,qs,male,291238,10267,11931,12509,18436,23766,15367,16201,19451,23361,22252,19134,16117,17552,20815,17079,13046,8395,5559
2015,20151001,s,s,male,86978,3381,3349,3509,3920,4786,5238,5890,6532,7757,7017,6138,4886,5341,6172,5039,3786,2615,1622
2015,20151001,s,s,male,69475,3082,2737,2548,3066,4481,4887,5722,5862,5901,5457,4886,4054,3600,4162,3032,2401,1993,1604
2015,20151001,s,Os,male,90641,3966,3792,3685,4411,5621,5995,6804,7473,8195,7453,6600,5060,4832,5223,4075,3062,2409,1985
2015,20151001,s,~s,male,68677,2275,2735,3160,3489,3494,3568,3562,4297,5583,5184,4822,4419,5008,5492,4603,3344,2103,1539
2015,20151001,s,{s,male,132172,5828,5947,5831,6581,8614,8422,8993,10465,12247,11502,9664,7362,6951,7703,5905,4546,3263,2348
2015,20151001,s,s,male,55394,2295,2354,2437,2591,2839,3122,3676,4206,4679,4390,3731,3208,3671,4115,3098,2339,1568,1075
2015,20151001,s,zs,male,111921,4764,4743,4538,5640,7920,7143,8090,8877,10258,9274,8206,6037,5788,6476,4921,3977,3065,2204
2015,20151001,s,cs,male,212312,8193,9811,10710,11426,11734,10378,12150,14714,18868,17777,14364,11700,12116,14295,12507,10370,6803,4396
2015,20151001,s,s,male,60168,2507,2225,2372,3217,5133,4359,4466,4636,4700,4694,4431,3668,3286,3374,2458,1861,1506,1275
2015,20151001,s,s,male,93777,4211,4116,4130,5491,6533,5379,6139,6883,7767,7462,6765,5397,5133,5523,4357,3653,2863,1975
2015,20151001,s,s,male,93349,3888,3999,4047,5212,6830,5286,6014,6814,8087,7764,6247,4750,4942,5756,5019,4002,2797,1895
2015,20151001,s,Rs,male,73314,2874,3373,3299,3766,3869,3766,4372,4991,6264,5886,5347,4297,4452,4931,4061,3442,2530,1794
2015,20151001,s,s,male,60274,2424,2439,2447,3145,4244,4345,4490,4448,4941,5006,4578,3594,3169,3326,2563,2103,1746,1266
2015,20151001,s,s,male,35970,1412,1489,1549,1960,2418,2079,2317,2544,2874,3007,2976,2305,2110,2257,1595,1273,1055,750
2015,20151001,s,s,male,29238,903,946,1068,1402,1653,1807,1865,1916,2313,2255,2102,2030,2173,2184,1786,1308,917,610
2015,20151001,s,]s,male,39206,1637,1444,1476,1873,2493,2449,2782,3108,3256,3318,2789,2236,2099,2480,1959,1666,1261,880
2015,20151001,s,as,male,41820,1955,1892,1963,2135,1961,2135,2527,2928,3565,3468,2922,2316,2479,2926,2512,1952,1442,742
2015,20151001,s,s,male,35968,1367,1625,1805,1811,1857,1611,1953,2358,3048,2923,2447,1982,2246,2486,2106,2014,1433,896
2015,20151001,s,vĎs,male,56738,2314,2432,2670,2959,2795,2729,3178,3832,4769,4635,4005,3288,3485,3962,3432,2897,2076,1280
2015,20151001,s,Rs,male,35556,1450,1940,1887,1820,1760,1738,2002,2569,3337,2886,2288,1814,2168,2427,2273,1687,985,525
2015,20151001,s,s,male,71762,2717,3056,3062,3360,4348,3563,4307,5303,6106,5612,4646,3840,4412,5722,4770,3474,2203,1261
2015,20151001,s,s,male,44041,2070,2263,2306,2322,2298,2283,2583,3342,4248,4077,3166,2468,2358,2705,2269,1654,1040,589
2015,20151001,s,Hs,male,28451,1114,1281,1282,1543,1813,1582,1698,2023,2488,2298,1909,1672,1678,1992,1550,1298,753,477
2015,20151001,s,s,male,40218,1601,1905,2055,2104,1894,1840,2044,2556,3451,3032,2530,2256,2563,3109,2846,2166,1339,927
2015,20151001,s,s,male,97830,3999,4180,4187,5428,6279,5625,6236,7096,8394,8004,7244,5895,5508,6085,4594,3770,3061,2245
2015,20151001,s,S,male,29096,1040,1178,1296,1413,1418,1316,1511,1823,2233,2081,1749,1713,2091,2657,2203,1572,1046,756
2015,20151001,s,䒬,male,16951,581,689,835,891,940,881,979,1148,1385,1362,1076,989,1186,1396,1087,788,475,263
2015,20151001,s,̏o,male,8485,389,404,361,395,381,328,416,533,675,492,438,426,538,832,765,489,328,295
2015,20151001,s,w,male,1081,26,25,25,36,25,31,36,49,42,74,74,91,112,121,93,80,79,62
2015,20151001,s,,male,2579,44,60,75,91,72,76,80,93,131,153,161,207,255,308,258,215,164,136
2015,20151001,s,,male,13859,577,576,526,528,261,552,801,897,1112,970,958,1060,1190,1341,899,649,544,418
2015,20151001,s,哇x,male,6535,265,248,271,355,132,235,336,394,481,368,451,485,588,621,464,307,279,255
2015,20151001,s,哇,male,4031,161,147,150,277,86,136,195,207,300,262,295,272,342,386,306,201,168,140
2015,20151001,s,,male,191,10,12,7,0,2,12,9,26,14,11,18,14,17,17,7,3,7,5
2015,20151001,s,V,male,1344,38,49,62,36,14,38,87,100,100,56,86,104,128,137,102,69,66,72
2015,20151001,s,_Ó,male,969,56,40,52,42,30,49,45,61,67,39,52,95,101,81,49,34,38,38
2015,20151001,s,Ox,male,1539,60,68,37,29,40,80,93,66,105,102,109,150,138,165,100,80,77,40
2015,20151001,s,O,male,1350,41,55,32,26,37,70,66,52,89,94,96,135,125,150,89,78,77,38
2015,20151001,s,䑠,male,189,19,13,5,3,3,10,27,14,16,8,13,15,13,15,11,2,0,2
2015,20151001,s,x,male,3892,156,167,163,114,53,133,198,219,289,254,241,310,360,442,280,234,171,108
2015,20151001,s,䒬,male,3785,152,166,157,114,52,128,187,208,279,249,232,291,351,434,276,234,168,107
2015,20151001,s,,male,107,4,1,6,0,1,5,11,11,10,5,9,19,9,8,4,0,3,1
2015,20151001,s,}xE},male,1893,96,93,55,30,36,104,174,218,237,246,157,115,104,113,55,28,17,15
2015,20151001,s,s,female,6848581,258160,244470,241962,280095,380610,439745,485157,517435,578319,518878,437298,358294,366540,447176,393433,337327,276403,287279
2015,20151001,s,敔,female,4705493,178165,159519,153697,176079,258603,327712,361175,375260,407935,360687,300162,242162,241776,295297,259118,226020,187647,194479
2015,20151001,s,c,female,29063,1247,1072,1022,1095,1575,2061,2413,2586,2813,2363,1944,1433,1248,1574,1325,1103,996,1193
2015,20151001,s,,female,73647,3741,2658,1904,1708,2648,5338,7419,8341,8510,6727,5050,3284,2935,3521,2966,2517,2089,2291
2015,20151001,s,`,female,128566,6477,4762,3630,3433,5038,8652,11858,13152,13617,11356,8955,6475,5712,6894,5406,4508,3926,4715
2015,20151001,s,Vh,female,166302,5213,4124,3874,5497,12860,15411,14533,13605,14078,12076,10317,8272,7804,9569,8347,7326,6310,7086
2015,20151001,s,,female,113734,4383,3890,3445,4012,7118,8318,9347,9715,10132,8954,7537,5942,5531,6474,5281,4790,4120,4745
2015,20151001,s,䓌,female,96091,3288,2676,2662,2956,4547,6797,7854,7977,8527,7555,5895,4921,4979,6207,5639,4861,4182,4568
2015,20151001,s,nc,female,128349,4802,4135,4040,4204,6092,9607,10529,10337,10824,9515,7814,6564,6979,8192,7566,6487,5223,5439
2015,20151001,s,],female,251359,11358,10183,8814,8619,10372,15158,19433,21505,24218,20097,15311,12904,13835,16751,14084,11662,8948,8107
2015,20151001,s,i,female,195765,7809,6470,5594,6122,9372,14111,16925,17642,18484,15257,11989,9784,9966,12197,10308,8788,7377,7570
2015,20151001,s,ڍ,female,146675,5352,4520,4152,4694,7224,11064,13665,13813,13675,11812,9757,7453,6728,8228,6921,5908,5294,6415
2015,20151001,s,c,female,357329,13019,12366,12147,13540,20609,25490,25851,26275,30073,26921,22210,18634,19274,23674,20291,17306,14379,15270
2015,20151001,s,cJ,female,474472,17158,15374,15094,18520,25642,29844,35320,39907,42461,38465,32744,26410,23954,28846,24524,20949,18610,20650
2015,20151001,s,aJ,female,116547,3839,3013,2663,3254,5934,8618,10660,10948,11033,9551,7976,6247,5693,7096,5783,5111,4400,4728
2015,20151001,s,,female,162833,5124,4034,3811,5286,10846,14622,14478,13127,13095,11580,10061,8278,8216,9895,8621,7522,6870,7367
2015,20151001,s,,female,292260,9757,8718,8307,10094,17796,23075,24038,23392,24096,21569,18558,15035,14877,18312,15856,13529,11866,13385
2015,20151001,s,L,female,144340,4551,3744,3536,4934,10928,14221,12785,11743,11573,10142,8706,7060,6920,8475,7048,6267,5523,6184
2015,20151001,s,k,female,171247,6255,5246,4978,5945,9198,12126,12545,12325,13162,11326,9923,8636,9502,12113,11026,9832,8460,8649
2015,20151001,s,r,female,107151,4254,3823,3494,3880,5566,7376,8015,8563,9026,7563,6469,5408,5889,7051,5966,5592,4499,4717
2015,20151001,s,,female,285324,10232,9355,9316,11717,17738,19778,20332,20656,22808,19927,17537,14859,15950,19321,16709,14607,12084,12398
2015,20151001,s,n,female,370113,13978,13601,14274,16073,21128,24542,26041,26923,30443,28956,24654,19778,18471,22024,19919,18257,15413,15638
2015,20151001,s,,female,335200,13009,12723,13190,14138,16224,18553,20834,23115,27445,25289,21112,16863,18376,23247,22687,20099,14976,13320
2015,20151001,s,,female,221292,8644,8397,8330,9252,10913,12235,13539,15009,18153,16510,14558,12007,12398,14917,13911,12710,10176,9633
2015,20151001,s,]ː,female,337834,14675,14635,15420,17106,19235,20715,22761,24604,29689,27176,21085,15915,16539,20719,18934,16289,11926,10411
2015,20151001,s,E,female,2143088,79995,84951,88265,104016,122007,112033,123982,142175,170384,158191,137136,116132,124764,151879,134315,111307,88756,92800
2015,20151001,s,s,female,2101218,78475,83342,86587,102328,120615,110385,121965,139898,167586,155805,134897,113777,121686,148089,131179,108766,86315,89523
2015,20151001,s,qs,female,286275,9678,11322,11959,15882,18071,13351,14611,17630,21809,20188,17879,15792,18350,22154,19111,15072,11332,12084
2015,20151001,s,s,female,89317,3141,3300,3440,3897,4873,4795,5356,6004,7139,6350,5580,4730,5479,6716,6033,4980,3801,3703
2015,20151001,s,s,female,75255,2881,2591,2428,3068,4713,5029,5749,5923,6214,5635,4954,4117,3804,4574,3782,3264,3042,3487
2015,20151001,s,Os,female,96295,3724,3619,3497,4525,5969,6080,6889,7527,8159,7413,6236,5031,4695,5742,4826,4341,3735,4287
2015,20151001,s,~s,female,68704,2160,2614,2962,3210,3164,3008,3193,3854,4977,4681,4396,4054,4844,5764,4841,3707,3027,4248
2015,20151001,s,{s,female,128102,5568,5579,5564,6250,7749,7335,8143,9197,10753,9979,8406,6524,6588,7858,7047,5831,4831,4900
2015,20151001,s,s,female,56145,2338,2235,2382,2503,2750,2932,3242,3676,4400,3947,3511,3215,3602,4188,3587,2938,2310,2389
2015,20151001,s,zs,female,117140,4759,4467,4376,5188,7266,7286,8016,8774,9944,9251,7814,5930,5988,7093,6381,5448,4587,4572
2015,20151001,s,cs,female,220036,7558,9431,9976,10934,10938,9931,11289,14123,18183,16612,13791,11873,12923,16521,15250,12145,8997,9561
2015,20151001,s,s,female,61228,2368,2091,2279,2936,4232,4173,4223,4426,4641,4687,4237,3434,3245,3636,3061,2639,2399,2521
2015,20151001,s,s,female,96228,4000,3839,3852,5258,6879,5179,5567,6288,7339,7172,6367,5182,5105,6007,5393,4836,4044,3921
2015,20151001,s,s,female,92934,3771,3838,3929,4913,5573,4835,5447,6101,7407,6710,5551,4498,5214,6595,6083,4903,3897,3669
2015,20151001,s,Rs,female,76642,2725,3066,3203,3606,3827,3683,4087,4797,6027,5628,5068,4312,4528,5494,4885,4474,3691,3541
2015,20151001,s,s,female,62468,2232,2257,2414,3008,4485,4027,3994,4243,4939,4813,4335,3465,3177,3856,3225,2893,2539,2566
2015,20151001,s,s,female,37685,1322,1304,1464,1958,2387,2044,2211,2440,2973,3080,2842,2185,2140,2391,2061,1780,1468,1635
2015,20151001,s,s,female,29157,872,917,1041,1201,1462,1508,1571,1603,2090,2059,2042,1916,2045,2274,1986,1610,1422,1538
2015,20151001,s,]s,female,41043,1580,1337,1412,1743,2380,2532,2878,2965,3208,3159,2514,2146,2070,2639,2528,2239,1910,1803
2015,20151001,s,as,female,43337,1824,1890,1944,2025,2021,2210,2401,2819,3386,3227,2738,2301,2468,3258,2979,2546,1786,1514
2015,20151001,s,s,female,38896,1356,1511,1635,1869,2050,1787,1998,2381,2991,2718,2355,2026,2236,2766,2688,2515,2047,1967
2015,20151001,s,vĎs,female,59894,2279,2266,2469,2857,2908,2824,3177,3701,4548,4309,3843,3327,3543,4586,4297,3724,2810,2426
2015,20151001,s,Rs,female,35673,1390,1805,1919,1786,1732,1585,1840,2397,2979,2574,1955,1749,2146,2748,2538,2000,1296,1234
2015,20151001,s,s,female,74869,2677,2925,2893,3274,3991,3469,4177,4973,5925,5281,4565,4113,5148,6466,5477,4049,2726,2740
2015,20151001,s,s,female,43595,1919,2194,2228,2173,2147,2188,2568,3144,4013,3537,2819,2248,2366,2917,2428,1907,1336,1463
2015,20151001,s,Hs,female,27382,1032,1182,1376,1383,1288,1268,1444,1698,2245,2138,1792,1462,1706,2074,1840,1413,1010,1031
2015,20151001,s,s,female,40736,1506,1831,1868,2019,1918,1747,1876,2435,3079,2847,2367,2244,2644,3243,3016,2285,1741,2070
2015,20151001,s,s,female,102182,3815,3931,4077,4862,5842,5579,6018,6779,8218,7810,6940,5903,5632,6529,5836,5227,4531,4653
2015,20151001,s,S,female,29238,1000,1120,1195,1316,1166,1167,1339,1584,1971,1723,1561,1569,2116,2645,2203,1722,1575,2266
2015,20151001,s,䒬,female,16494,568,640,792,911,788,771,802,920,1291,1158,1015,914,1160,1423,1083,852,641,765
2015,20151001,s,̏o,female,8961,363,414,305,311,286,322,443,536,536,398,376,435,637,867,757,508,546,921
2015,20151001,s,w,female,1128,23,21,33,28,26,21,30,54,35,42,54,62,94,87,100,103,127,188
2015,20151001,s,,female,2655,46,45,65,66,66,53,64,74,109,125,116,158,225,268,263,259,261,392
2015,20151001,s,,female,12632,520,489,483,372,226,481,678,693,827,663,678,786,962,1145,933,819,866,1011
2015,20151001,s,哇x,female,6326,254,231,260,209,122,196,314,320,367,326,331,401,497,577,514,440,443,524
2015,20151001,s,哇,female,3853,131,128,156,149,78,113,173,197,225,199,203,226,285,373,350,289,250,328
2015,20151001,s,,female,146,9,15,1,0,6,10,9,16,10,5,7,9,10,10,8,6,6,9
2015,20151001,s,V,female,1405,68,38,61,26,23,45,74,69,67,72,75,84,119,126,101,96,122,139
2015,20151001,s,_Ó,female,922,46,50,42,34,15,28,58,38,65,50,46,82,83,68,55,49,65,48
2015,20151001,s,Ox,female,1278,43,41,23,21,31,77,66,75,64,47,66,86,93,110,88,110,116,121
2015,20151001,s,O,female,1132,33,34,20,19,23,60,53,56,52,41,59,79,87,97,83,109,111,116
2015,20151001,s,䑠,female,146,10,7,3,2,8,17,13,19,12,6,7,7,6,13,5,1,5,5
2015,20151001,s,x,female,3899,142,151,143,110,50,124,175,195,259,195,218,235,326,399,303,250,291,333
2015,20151001,s,䒬,female,3828,138,147,138,110,47,118,168,192,249,188,214,229,322,397,301,248,290,332
2015,20151001,s,,female,71,4,4,5,0,3,6,7,3,10,7,4,6,4,2,2,2,1,1
2015,20151001,s,}xE},female,1129,81,66,57,32,23,84,123,103,137,95,63,64,46,59,28,19,16,33
2020,20200301,{,{,male,4234653,168409,179548,188955,208918,243016,239533,244317,261725,300366,363872,319205,264467,225332,253737,281156,228320,153858,109918
2020,20200301,{,s@@,male,4149850,165416,176066,184934,204432,238271,235939,240413,257318,294961,357200,313409,259161,220224,247583,274022,222686,150401,107413
2020,20200301,{,S@@,male,84803,2993,3482,4021,4486,4745,3594,3904,4408,5406,6671,5796,5306,5108,6154,7134,5634,3457,2505
2020,20200301,{,sn,male,1324291,51215,49243,49184,54907,78212,91026,90534,92262,98115,108667,98564,83689,72676,81015,81863,62939,44482,35699
2020,20200301,{,kn,male,860736,39167,42224,42896,44161,46825,43242,48225,54754,63008,75311,64584,52172,43245,47506,55230,44987,30852,22347
2020,20200301,{,On,male,543478,24856,26231,27043,28257,29738,27770,31034,34866,40201,48175,40838,32347,26657,29662,34576,28551,19118,13555
2020,20200301,{,L\n,male,317258,14311,15993,15853,15904,17086,15471,17190,19887,22807,27136,23746,19824,16588,17844,20654,16435,11735,8792
2020,20200301,{,n,male,949110,35283,39265,42946,49246,54244,49340,49364,53453,65157,84869,74827,60085,50063,57235,66601,56676,36952,23505
2020,20200301,{,k͓n,male,548647,20499,22925,25289,28778,30601,27718,27752,30589,38205,49394,43300,34325,28905,33401,38872,33207,21423,13465
2020,20200301,{,͓n,male,400463,14784,16340,17658,20468,23643,21622,21612,22864,26951,35475,31527,25760,21158,23834,27729,23469,15529,10040
2020,20200301,{,͓n,male,280818,10084,11689,12842,15024,16204,13492,13507,14615,17552,23144,20443,18054,16378,18563,21184,17984,11794,8264
2020,20200301,{,Bn,male,819698,32661,37127,41087,45580,47532,42433,42687,46641,56535,71880,60788,50466,42970,49419,56277,45734,29777,20104
2020,20200301,{,kn,male,554532,22469,25397,27764,30246,31295,28637,29507,32286,39117,49744,41183,33637,28248,32642,37913,30766,20132,13550
2020,20200301,{,n,male,265166,10191,11730,13323,15334,16238,13796,13180,14355,17417,22136,19605,16830,14722,16777,18364,14968,9646,6554
2020,20200301,{,s,male,1324291,51215,49243,49184,54907,78212,91026,90534,92262,98115,108667,98564,83689,72676,81015,81863,62939,44482,35699
2020,20200301,{,s,male,51710,2032,2061,2013,2105,2789,3358,3572,3793,4023,4287,3769,3273,2988,3407,3172,2223,1543,1302
2020,20200301,{,,male,37403,1886,1563,1389,1274,1974,3209,3358,3318,3316,3272,2636,2186,1730,1690,1693,1269,863,778
2020,20200301,{,ԋ,male,31742,1186,1297,1318,1451,1829,1835,1735,1920,2331,2736,2494,2094,1844,2128,2080,1549,1117,799
2020,20200301,{,,male,48511,2462,2067,1583,1533,3102,4527,4820,4962,4673,4243,3290,2526,1990,2017,1878,1288,870,681
2020,20200301,{,`,male,39293,1367,1356,1479,1667,2357,2628,2418,2503,2746,3226,2912,2570,2269,2567,2513,2073,1472,1171
2020,20200301,{,吳,male,30499,989,1086,1198,1462,1646,1550,1605,1630,1990,2482,2305,1991,1857,2263,2398,1854,1267,925
2020,20200301,{,V,male,37700,1962,1938,1726,1697,2035,2403,2657,2993,3123,3097,2832,2435,1992,1938,1794,1262,942,875
2020,20200301,{,Q,male,37824,1183,815,641,894,2981,4472,4382,3984,3073,2836,2330,1880,1672,2006,1888,1293,844,648
2020,20200301,{,,male,47047,1697,1823,2063,2409,2870,3035,2861,2852,3402,4224,3670,2930,2516,2904,2942,2203,1531,1117
2020,20200301,{,,male,86924,2791,2847,2978,3492,6299,7372,6566,6147,6304,6843,6204,5271,4695,5153,5119,4035,2742,2066
2020,20200301,{,,male,39736,1492,1421,1447,1699,2501,2985,2820,2763,2886,3197,2882,2469,2152,2396,2410,1783,1300,1134
2020,20200301,{,,male,62185,1954,1886,2018,2674,4050,4170,3742,3545,3906,4595,4362,3928,3751,4332,4516,3667,2750,2341
2020,20200301,{,,male,42981,1594,1536,1596,1805,2444,2504,2470,2671,2919,3382,3130,2764,2532,2927,3002,2336,1755,1614
2020,20200301,{,铌,male,79751,3490,3351,3511,3700,4213,4627,4955,5361,6210,6929,6055,4949,4159,4719,4871,3830,2666,2154
2020,20200301,{,{,male,51060,2421,2469,2312,2531,2779,2686,2896,3414,3796,4165,3741,3390,2995,3057,2973,2215,1644,1575
2020,20200301,{,Zg,male,71303,2889,2954,3062,3443,4255,4343,4188,4298,4823,5598,5373,4673,3932,4324,4443,3589,2667,2450
2020,20200301,{,Zg,male,59520,2417,2354,2442,2834,3357,3304,3286,3492,3934,4658,4517,4021,3440,3789,3967,3223,2394,2091
2020,20200301,{,,male,62421,1106,1191,1351,1755,2810,2726,2463,2594,3224,4238,4539,4410,4778,6712,7304,5437,3500,2281
2020,20200301,{,,male,90563,3305,3038,2976,3201,5728,7628,7156,6831,7007,7717,6893,5718,4936,5083,5125,3737,2479,2006
2020,20200301,{,ߌ,male,53198,2736,2795,2878,2855,2703,2719,3249,3545,4162,4715,4195,3286,2641,2679,2705,2296,1743,1295
2020,20200301,{,ZV],male,57670,2000,2146,2295,2572,3117,2961,3039,3334,3872,4608,4330,3739,3462,4377,4543,3340,2227,1709
2020,20200301,{,,male,91250,3426,3601,4019,4819,5521,5081,4881,4953,5780,7534,7523,6307,4952,5328,5790,5046,3904,2787
2020,20200301,{,k,male,66434,2770,2096,1653,1766,3902,6039,6543,6607,6256,5969,5053,4052,3161,3094,2865,2089,1389,1128
2020,20200301,{,,male,47566,2059,1550,1236,1270,2947,4865,4872,4750,4362,4116,3530,2828,2233,2126,1875,1303,874,771
2020,20200301,{,s,male,395393,16043,17984,19502,20826,21395,20573,21279,23137,28190,35478,29053,23434,19766,23169,27643,22886,14961,10072
2020,20200301,{,,male,73157,2642,2834,2950,3382,4172,4622,4476,4382,5164,6409,5510,4894,4015,4564,4990,3706,2473,1972
2020,20200301,{,,male,58874,2550,2909,3102,3241,3390,3073,3090,3385,4385,5396,4291,3309,2869,3318,3974,3406,2003,1184
2020,20200301,{,,male,40100,1580,1876,1905,2027,2151,1880,2002,2291,2765,3505,2816,2343,2084,2468,3017,2507,1747,1134
2020,20200301,{,,male,64851,2676,3136,3457,3707,3441,3395,3416,3871,4701,6027,4869,3792,3266,3725,4113,3412,2230,1618
2020,20200301,{,,male,64528,2202,2803,3316,3474,3117,2421,2672,3277,4268,5553,4494,3656,3264,4245,5706,4954,3163,1942
2020,20200301,{,k,male,75577,3732,3569,3807,3970,4070,4349,4757,4908,5557,6977,5822,4470,3370,3727,4374,3677,2659,1783
2020,20200301,{,,male,18306,660,856,966,1024,1055,833,866,1023,1350,1611,1252,970,898,1123,1470,1224,686,439
2020,20200301,{,ݘacs,male,90304,3625,4130,4472,5158,5511,4934,4712,4969,5750,7366,6759,5735,5052,5655,6083,4908,3243,2242
2020,20200301,{,Ls,male,189334,9065,9672,9280,9283,9794,9439,10562,12242,13879,16511,14624,11991,9738,10232,11819,9301,6821,5082
2020,20200301,{,rcs,male,49712,2008,2274,2408,2542,2986,2674,2800,2993,3473,4181,3669,3168,2624,2745,3221,2511,1858,1577
2020,20200301,{,cs,male,183769,8977,9524,9160,9514,10535,9981,10840,12327,13699,16124,14110,11393,8846,9379,10839,8273,5774,4473
2020,20200301,{,Îs,male,35300,1442,1431,1730,2131,2214,1942,1809,1953,2418,3278,2868,2255,1866,2069,2216,1774,1118,786
2020,20200301,{,Ύs,male,165792,6809,7168,8142,8510,8559,7669,8555,9794,11905,14643,12335,9807,8384,9608,11493,10437,7077,4897
2020,20200301,{,Lˎs,male,41161,1598,1953,2245,2521,2437,2067,1961,2221,2729,3579,3177,2736,2285,2425,2658,2111,1464,993
2020,20200301,{,s,male,68333,2779,2549,2639,3082,3758,3876,3941,3996,4623,6067,5472,4508,3705,3983,4672,4057,2821,1806
2020,20200301,{,s,male,189325,7180,8528,9445,10281,10178,8837,9380,10877,13445,16489,14284,11630,10251,11836,13616,11242,7042,4782
2020,20200301,{,؎s,male,136489,6333,6972,7136,7472,7586,6935,8048,8829,10395,12212,10224,7955,6577,7399,8385,6686,4322,3024
2020,20200301,{,s,male,126569,5094,5526,5829,6655,7147,6480,6722,7177,8627,11208,9752,8088,6455,7374,8537,7567,4979,3352
2020,20200301,{,򍲖s,male,47797,1857,1989,2244,2724,3202,2816,2605,2683,3359,4237,3611,3049,2613,2827,2935,2317,1630,1100
2020,20200301,{,xcюs,male,51514,1804,2131,2321,2751,3235,2636,2392,2537,3068,4015,3638,3523,3321,3485,3941,3061,2088,1567
2020,20200301,{,Qs,male,110698,4105,4605,4886,5588,5958,5425,5405,6020,7830,10183,8759,6842,5880,6981,8163,6914,4417,2738
2020,20200301,{,͓s,male,47315,1488,1789,2004,2325,2437,1937,2159,2304,2740,3516,3090,2977,3176,3776,4148,3527,2268,1655
2020,20200301,{,s,male,56684,1977,2269,2464,3004,3358,3047,2878,2999,3523,4977,4549,3644,2913,3349,4037,3708,2514,1474
2020,20200301,{,哌s,male,58440,2162,2373,2756,3118,3710,3285,3091,3283,4062,5252,4734,3592,2898,3397,3962,3367,2178,1220
2020,20200301,{,as,male,89260,3552,4470,4843,5363,5565,4355,4558,5286,6139,7962,6678,5791,4751,5394,5670,4336,2753,1794
2020,20200301,{,ʎs,male,65168,3036,3737,3762,3532,3727,2917,3396,4159,4872,5621,4616,3776,3196,3496,3995,3446,2292,1593
2020,20200301,{,s,male,32699,1143,1328,1451,1733,1983,1747,1706,1792,2054,2718,2451,2112,1871,2109,2415,1990,1279,817
2020,20200301,{,Hgs,male,51446,1821,2094,2407,2936,2947,2496,2464,2693,3245,4427,3931,3319,2857,3247,3818,3250,2079,1414
2020,20200301,{,^s,male,58415,1772,2008,2325,2846,3425,3365,2985,3134,3946,5531,4991,3768,2993,3617,4203,3668,2419,1420
2020,20200301,{,ےÎs,male,42670,1986,1800,1856,2064,2408,2546,2718,2871,3110,3991,3201,2325,2066,2334,2776,2369,1461,789
2020,20200301,{,Ύs,male,26537,1149,1184,1274,1440,1603,1345,1463,1505,1795,2281,1985,1653,1446,1542,1841,1366,979,684
2020,20200301,{,䎛s,male,29954,1148,1421,1415,1606,1707,1428,1493,1713,2029,2609,2250,1900,1591,1836,2066,1740,1141,858
2020,20200301,{,s,male,241195,8546,9486,10378,12081,14513,13396,13184,13895,16270,21548,19324,15560,12831,14352,16777,13912,9272,5871
2020,20200301,{,s,male,28847,1132,1294,1477,1767,1750,1509,1368,1496,1893,2319,2086,1825,1469,1839,2085,1743,1091,704
2020,20200301,{,ls,male,26979,1045,1171,1410,1720,1577,1331,1257,1388,1860,2601,2206,1624,1254,1505,1824,1633,1000,572
2020,20200301,{,s,male,36457,1456,1690,1828,2144,1995,1599,1693,1892,2440,3272,2853,2360,1924,2082,2432,2325,1545,926
2020,20200301,{,㋷Rs,male,27525,1315,1333,1465,1501,1551,1278,1450,1632,1923,2313,1824,1614,1461,1675,1831,1574,1022,763
2020,20200301,{,s,male,24478,751,938,1196,1309,1308,1049,1005,1259,1555,2025,1741,1516,1487,1853,2059,1747,1011,669
2020,20200301,{,OS,male,14758,751,766,749,697,650,639,873,1045,1092,1206,968,867,785,943,1083,786,485,372
2020,20200301,{,{,male,14758,751,766,749,697,650,639,873,1045,1092,1206,968,867,785,943,1083,786,485,372
2020,20200301,{,L\S,male,13044,202,311,402,548,581,441,432,494,583,823,837,890,1030,1371,1619,1178,763,540
2020,20200301,{,L\,male,8662,138,218,263,361,389,258,267,331,361,550,510,541,656,906,1114,872,557,371
2020,20200301,{,\,male,4382,64,93,139,187,192,183,165,163,222,273,326,349,374,465,505,306,206,169
2020,20200301,{,kS,male,8042,283,327,415,486,517,422,398,406,574,745,599,503,418,468,544,403,320,214
2020,20200301,{,,male,8042,283,327,415,486,517,422,398,406,574,745,599,503,418,468,544,403,320,214
2020,20200301,{,S,male,32579,1228,1426,1690,1855,2029,1421,1529,1727,2133,2611,2231,1968,1816,2177,2544,2143,1207,846
2020,20200301,{,F撬,male,21431,884,1028,1164,1271,1323,921,1040,1184,1423,1705,1431,1227,1188,1418,1665,1365,712,482
2020,20200301,{,cK,male,4154,188,195,247,228,358,244,211,240,319,362,283,244,191,179,228,210,142,86
2020,20200301,{,,male,6994,156,203,278,356,348,257,278,303,390,543,517,497,437,580,652,568,353,277
2020,20200301,{,͓S,male,16380,529,651,766,901,969,670,670,737,1025,1287,1160,1077,1059,1196,1343,1124,682,533
2020,20200301,{,q,male,6418,226,267,309,405,413,287,283,296,407,510,493,443,398,428,479,388,221,166
2020,20200301,{,͓쒬,male,7645,261,320,361,405,459,310,317,351,485,615,531,520,491,555,575,497,333,262
2020,20200301,{,瑁ԍ㑺,male,2317,43,64,96,92,97,74,71,90,133,162,136,115,170,212,290,239,128,105
2020,20200301,{,{,female,4585924,161781,172833,181006,201485,243688,243125,248243,266725,308473,370602,324166,269459,234496,279307,330806,292649,218052,239028
2020,20200301,{,s@@,female,4494372,159006,169495,177296,197146,239428,239603,244330,262118,303054,363767,318032,263897,228890,272224,322678,286210,213626,233574
2020,20200301,{,S@@,female,91552,2775,3338,3710,4338,4260,3522,3913,4607,5419,6835,6134,5562,5606,7084,8128,6439,4426,5454
2020,20200301,{,sn,female,1420088,49085,47173,46846,53487,82908,95203,93531,93292,99046,108826,97724,82637,71582,81088,89059,80573,67936,80093
2020,20200301,{,kn,female,938092,37281,40823,40591,41969,45885,44921,50188,57065,66291,78196,66223,53685,47201,55352,67174,57773,41628,45846
2020,20200301,{,On,female,586906,23546,25372,25570,26615,29195,28704,31875,35874,41853,49437,41303,32677,28955,34899,42172,36033,25430,27397
2020,20200301,{,L\n,female,351186,13736,15452,15021,15353,16690,16217,18313,21192,24438,28760,24919,21008,18246,20453,25002,21740,16197,18449
2020,20200301,{,n,female,1019719,34346,37618,41597,47187,52891,48229,48316,53134,65203,85458,74642,60808,51421,64282,80844,73235,50742,49767
2020,20200301,{,k͓n,female,592213,20122,22072,24566,27457,30364,27372,27853,30832,38594,50098,43279,34731,29882,37747,47673,42868,28802,27901
2020,20200301,{,͓n,female,427506,14224,15546,17030,19730,22527,20857,20463,22302,26608,35360,31363,26077,21539,26535,33171,30366,21941,21866
2020,20200301,{,͓n,female,313795,9740,11217,12479,14933,16143,13448,13574,15172,18709,24497,22547,19955,17810,21374,25919,22621,16064,17591
2020,20200301,{,Bn,female,894230,31329,36002,39493,43908,45861,41325,42634,48061,59224,73625,63030,52374,46483,57211,67809,58446,41682,45731
2020,20200301,{,kn,female,605191,21759,24704,26807,29051,30239,27936,29416,33355,41067,50448,42640,34762,30651,38152,46259,39536,27993,30416
2020,20200301,{,n,female,289039,9570,11298,12686,14858,15622,13388,13219,14706,18158,23177,20391,17612,15832,19059,21550,18911,13689,15315
2020,20200301,{,s,female,1420088,49085,47173,46846,53487,82908,95203,93531,93292,99046,108826,97724,82637,71582,81088,89059,80573,67936,80093
2020,20200301,{,s,female,55706,1932,1925,1918,1938,3046,3571,3735,3873,4038,4280,3729,3401,3189,3430,3427,2885,2432,2956
2020,20200301,{,,female,41502,1830,1505,1325,1302,2343,3514,3741,3626,3497,3328,2604,2166,1750,1948,2104,1763,1446,1709
2020,20200301,{,ԋ,female,33245,1225,1223,1161,1351,1705,1680,1662,1940,2274,2593,2352,2073,1781,2131,2328,2096,1786,1886
2020,20200301,{,,female,55155,2407,1990,1521,1518,3641,5384,5690,5764,5193,4496,3425,2578,2133,2243,2264,1757,1402,1750
2020,20200301,{,`,female,41369,1253,1306,1451,1594,2446,2600,2381,2393,2680,3134,2829,2480,2129,2439,2829,2617,2251,2558
2020,20200301,{,吳,female,32138,987,1035,1186,1352,1527,1476,1446,1614,1955,2343,2217,1936,1847,2305,2544,2350,1880,2138
2020,20200301,{,V,female,43433,1820,1804,1599,1585,2364,2880,3166,3357,3511,3610,3143,2663,2252,2183,2147,1808,1531,2009
2020,20200301,{,Q,female,37382,1077,761,586,1041,3824,5057,4428,3434,2544,2288,1897,1625,1485,1570,1631,1464,1191,1479
2020,20200301,{,,female,48824,1700,1752,2002,2296,2838,2930,2673,2824,3381,3870,3427,2849,2495,2923,3158,2808,2271,2626
2020,20200301,{,,female,89899,2728,2770,2795,3400,6462,7039,6053,5655,5863,6536,6010,5034,4344,5075,5607,5199,4323,5007
2020,20200301,{,,female,43898,1417,1366,1408,1638,2802,3331,3008,2822,3027,3225,2888,2485,2237,2532,2630,2386,2107,2592
2020,20200301,{,,female,67360,1888,1827,1912,2660,4213,3974,3646,3355,3695,4401,4370,3979,3681,4327,4888,4787,4259,5498
2020,20200301,{,,female,47687,1529,1509,1550,1826,2418,2610,2661,2688,2991,3454,3303,2938,2588,3000,3373,3103,2734,3408
2020,20200301,{,铌,female,88271,3301,3184,3344,3579,4451,4963,5293,5632,6422,7279,6297,5158,4497,5133,5714,5086,4226,4714
2020,20200301,{,{,female,59731,2271,2339,2258,2495,3159,3215,3367,3753,4218,4596,4252,3762,3263,3407,3581,3236,2832,3725
2020,20200301,{,Zg,female,81941,2817,3003,2936,3294,4352,4618,4373,4596,5133,6107,5956,5056,4226,4848,5471,5024,4364,5770
2020,20200301,{,Zg,female,67175,2333,2294,2314,2770,3663,3669,3544,3602,4157,4939,4729,4103,3505,3956,4588,4296,3801,4911
2020,20200301,{,,female,45985,1087,1094,1263,1672,2592,2355,2014,2132,2483,3176,2987,2720,2581,3281,3815,3669,3282,3784
2020,20200301,{,,female,91785,3107,2833,2746,3192,6010,7276,6811,6396,6551,7090,6053,5100,4547,5219,5666,4859,3832,4498
2020,20200301,{,ߌ,female,58464,2533,2645,2756,2852,2904,3077,3382,3712,4333,4966,4336,3382,2704,3046,3344,3156,2627,2712
2020,20200301,{,ZV],female,62707,1949,2044,2241,2434,2969,2837,3048,3316,3941,4565,4385,4017,3870,4675,5033,4240,3373,3769
2020,20200301,{,,female,101816,3298,3426,3825,4632,5466,5145,4834,4903,6082,8053,7968,6526,4998,5805,7152,7359,6202,6142
2020,20200301,{,k,female,70435,2641,2018,1583,1784,4143,6258,6786,6534,6099,5872,4879,3826,3174,3384,3598,2830,2307,2719
2020,20200301,{,,female,54180,1955,1522,1167,1281,3571,5746,5788,5370,4979,4624,3689,2781,2307,2229,2168,1793,1477,1734
2020,20200301,{,s,female,431662,15542,17267,18796,19889,20751,20089,21157,23995,29550,35607,29824,24307,21444,27389,33964,29271,20572,22249
2020,20200301,{,,female,75082,2502,2589,2752,3049,3998,4044,4093,4106,4965,5950,5264,4569,3866,4693,5545,4872,3663,4564
2020,20200301,{,,female,63305,2394,2833,2922,3204,3314,3093,3063,3474,4438,5228,4410,3457,3058,3975,4889,4079,2690,2783
2020,20200301,{,,female,44380,1604,1795,1930,1911,1890,1901,2039,2439,2989,3462,2918,2522,2262,2888,3656,3336,2307,2532
2020,20200301,{,,female,70316,2667,3106,3435,3465,3425,3192,3312,4074,4975,6058,4875,3889,3377,4238,4952,4274,3256,3746
2020,20200301,{,,female,74681,2100,2617,3190,3515,3024,2533,2837,3608,4874,6082,4966,4279,4102,5755,7503,6076,3834,3783
2020,20200301,{,k,female,84278,3639,3509,3620,3773,4209,4566,4963,5195,5971,7263,6139,4534,3786,4450,5661,5268,3928,3805
2020,20200301,{,,female,19620,635,817,946,971,891,761,850,1099,1339,1565,1252,1058,994,1390,1757,1366,893,1037
2020,20200301,{,ݘacs,female,99114,3458,4012,4364,4928,5171,4826,4632,4985,6111,7929,7049,6185,5366,6347,7161,6357,4841,5391
2020,20200301,{,Ls,female,211321,8561,9193,8951,9132,9893,10156,11452,13088,14997,17607,15292,12757,10479,11634,14407,12955,9967,10798
2020,20200301,{,rcs,female,54268,2038,2238,2283,2461,2734,2543,2707,3043,3692,4420,3795,3309,2886,3235,3871,3328,2588,3094
2020,20200301,{,cs,female,198673,8522,8977,8571,8822,10307,10041,11375,12841,14516,16916,14463,11301,9576,11223,12966,10797,8398,9059
2020,20200301,{,Îs,female,39117,1398,1485,1646,2057,2395,1922,1851,2023,2587,3438,3014,2279,1969,2342,2781,2300,1782,1847
2020,20200301,{,Ύs,female,182041,6398,7239,7692,8018,8478,8002,8698,10056,12422,14901,12712,10172,9377,11550,14582,13121,8994,9630
2020,20200301,{,Lˎs,female,44428,1539,1803,2128,2431,2330,1941,2044,2282,2905,3746,3250,2698,2388,2709,3011,2790,2056,2377
2020,20200301,{,s,female,73881,2694,2361,2656,3052,3836,4080,3900,3829,4557,6008,5339,4410,3557,4202,5653,5647,4112,3988
2020,20200301,{,s,female,209072,7222,8373,9245,9826,10599,9061,9680,11517,14145,17326,14811,12344,11241,13896,16659,13920,9218,9990
2020,20200301,{,؎s,female,146592,6071,6590,6804,7170,7535,7521,8260,9216,10866,12741,10245,8047,7039,8373,10100,8217,5599,6196
2020,20200301,{,s,female,139390,4993,5322,5680,6539,6874,6531,6658,7434,8838,11547,10162,8368,6900,8664,10670,9946,7077,7187
2020,20200301,{,򍲖s,female,52326,1739,1919,2098,2555,3427,2867,2589,2790,3355,4222,3772,3225,2722,3136,3548,3233,2523,2607
2020,20200301,{,xcюs,female,58173,1752,2054,2249,2846,3144,2568,2493,2666,3374,4375,4261,4124,3515,4001,4585,4007,2910,3249
2020,20200301,{,Qs,female,118703,3845,4396,4714,5211,5736,5172,5414,6034,7733,10029,8589,6880,5993,7840,10135,9248,6090,5643
2020,20200301,{,͓s,female,54205,1457,1748,1909,2358,2432,2064,2154,2488,2985,3934,3651,3521,3706,4265,5074,4176,2859,3426
2020,20200301,{,s,female,61287,1921,2103,2322,2902,3295,2930,2677,2851,3588,5012,4637,3722,3049,3859,5027,4833,3379,3180
2020,20200301,{,哌s,female,61420,2094,2318,2611,3073,3364,3101,2945,3138,3973,5276,4584,3590,2993,3871,4753,4315,2858,2567
2020,20200301,{,as,female,96051,3428,4437,4744,5087,5166,4199,4522,5306,6569,8249,7123,5920,5217,6036,6675,5487,3754,4132
2020,20200301,{,ʎs,female,71196,2932,3715,3400,3297,3525,3049,3698,4555,5135,5873,4915,3952,3681,4040,5003,4153,2814,3459
2020,20200301,{,s,female,35655,1080,1271,1416,1682,1913,1619,1688,1810,2111,2753,2559,2265,2037,2400,2981,2473,1778,1819
2020,20200301,{,Hgs,female,57804,1803,2070,2422,2831,3070,2454,2457,2758,3582,4593,4226,3580,3057,3857,4727,4122,2971,3222
2020,20200301,{,^s,female,60978,1761,1923,2268,2745,3276,3060,2783,2862,3720,5349,4701,3585,2884,3822,5016,4957,3466,2799
2020,20200301,{,ےÎs,female,43328,1857,1783,1781,1920,2245,2447,2635,2676,2958,3645,2792,2208,2042,2613,3293,2923,1772,1735
2020,20200301,{,Ύs,female,29582,1129,1177,1242,1538,1463,1330,1473,1607,1826,2417,2085,1747,1588,1832,2182,1902,1387,1658
2020,20200301,{,䎛s,female,33724,1073,1305,1433,1650,1775,1451,1613,1814,2085,2773,2522,2017,1796,2125,2549,2237,1666,1840
2020,20200301,{,s,female,252461,8150,8953,9935,11509,13740,12706,12117,13057,15659,21060,18641,15444,12602,15471,19520,17948,13086,12860
2020,20200301,{,s,female,31372,1035,1250,1441,1782,1694,1390,1376,1554,1891,2527,2119,1855,1654,2148,2499,2161,1458,1538
2020,20200301,{,ls,female,28464,1012,1103,1333,1511,1557,1256,1303,1456,1873,2632,2212,1563,1223,1710,2266,1975,1255,1220
2020,20200301,{,s,female,39695,1494,1598,1739,2039,1996,1642,1827,1996,2594,3477,3042,2360,1991,2406,3191,2806,1802,1695
2020,20200301,{,㋷Rs,female,31237,1251,1343,1439,1462,1570,1342,1536,1807,2150,2502,2048,1842,1633,1990,2404,1987,1383,1545
2020,20200301,{,s,female,27064,672,995,1135,1335,1228,1038,1083,1291,1661,2054,1870,1683,1701,2152,2364,2046,1275,1483
2020,20200301,{,OS,female,16272,698,782,721,685,630,692,907,1084,1091,1233,1091,948,920,1140,1232,975,667,777
2020,20200301,{,{,female,16272,698,782,721,685,630,692,907,1084,1091,1233,1091,948,920,1140,1232,975,667,777
2020,20200301,{,L\S,female,14401,204,306,386,463,538,469,455,506,614,859,917,990,1199,1544,1721,1305,828,1099
2020,20200301,{,L\,female,9628,123,203,254,299,339,299,304,338,427,563,550,651,775,1087,1223,937,565,693
2020,20200301,{,\,female,4773,81,102,132,164,199,170,151,168,187,296,367,340,424,456,498,368,263,407
2020,20200301,{,kS,female,8779,263,338,379,480,464,396,412,425,534,737,592,509,433,554,657,577,499,531
2020,20200301,{,,female,8779,263,338,379,480,464,396,412,425,534,737,592,509,433,554,657,577,499,531
2020,20200301,{,S,female,34735,1127,1319,1519,1827,1772,1326,1495,1804,2235,2699,2331,1966,2000,2568,2967,2323,1536,1919
2020,20200301,{,F撬,female,22446,803,925,1081,1194,1097,859,1025,1254,1513,1792,1507,1260,1318,1702,1905,1342,867,1005
2020,20200301,{,cK,female,4258,174,183,203,258,299,230,206,236,289,363,268,208,175,214,265,262,179,247
2020,20200301,{,,female,8031,150,212,235,375,376,237,265,315,433,544,556,498,508,653,796,720,491,667
2020,20200301,{,͓S,female,17365,483,594,704,883,856,639,643,788,945,1309,1202,1149,1054,1278,1552,1260,896,1128
2020,20200301,{,q,female,6751,205,251,296,401,358,268,252,321,362,561,492,452,400,477,543,429,297,386
2020,20200301,{,͓쒬,female,8043,224,278,331,393,410,298,327,376,461,580,559,557,477,548,683,578,434,529
2020,20200301,{,瑁ԍ㑺,female,2571,53,65,77,89,88,73,64,91,122,168,151,141,177,253,326,253,166,213
2015,,R,R,male,,15326,17417,19728,22281,19437,19275,21231,24534,29900,28514,27439,26537,29550,31336,24290,19214,14447,12725
2015,,R,R,female,,14870,16674,18255,20614,18348,17951,20258,23816,28453,27947,26856,26360,29544,32442,27151,23468,21402,28069
